ckeyser@fs.fed.us = ckeyser <ckeyser@fs.fed.us>
drobinsonessa@gmail.com = drobinsonessa <drobinsonessa@gmail.com>
erin.crosland@gmail.com = erin.crosland <erin.crosland@gmail.com>
erin.smithmateja@gmail.com = erin.smithmateja <erin.smithmateja@gmail.com>
erin.smithmateja = erin.smithmateja <na@nomail.com>
fred.martin@dnr.wa.gov = fred.martin <fred.martin@dnr.wa.gov>
gary.dixon24 = gary.dixon24 <na@nomail.com>
jeff.d.hamann@gmail.com = jeff.d.hamann <jeff.d.hamann@gmail.com>
lance.david23@gmail.com = lance.david23 <lance.david23@gmail.com>
mvandyck@fs.fed.us = mvandyck <mvandyck@fs.fed.us>
ncrookston.fs@gmail.com = ncrookston.fs <ncrookston.fs@gmail.com>
pradtke.vt@gmail.com = pradtke.vt <pradtke.vt@gmail.com>
rhavis@msn.com = rhavis <rhavis@msn.com>
rhavis123@gmail.com = rhavis123 <rhavis123@gmail.com>
sarahbeukema@gmail.com = sarahbeukema <sarahbeukema@gmail.com>
sarebain@fs.fed.us = sarebain <sarebain@fs.fed.us>
tod.haren@gmail.com = tod.haren <tod.haren@gmail.com>
tod.haren = tod.haren <tod.haren@gmail.com>
